{
    "propensities": {
        "PDB": {
            "A": 0.08178275907359572, 
            "C": 0.015062626616411477, 
            "E": 0.06407039175963479, 
            "D": 0.057626636311895275, 
            "G": 0.07650218307588826, 
            "F": 0.04013118355747838, 
            "I": 0.05636096970758325, 
            "H": 0.023136226323477317, 
            "K": 0.05866444312659452, 
            "M": 0.02194021118323907, 
            "L": 0.08822750954225057, 
            "N": 0.04439683822153941, 
            "Q": 0.037610795578923065, 
            "P": 0.046802798794830666, 
            "S": 0.058904243167191374, 
            "R": 0.04950627062180847, 
            "T": 0.057774894428280876, 
            "W": 0.01502780088437459, 
            "V": 0.0708683746532352, 
            "Y": 0.035602843371767674
        }, 
        "IDP": {
            "A": 0.106846931943,
            "C": 0.013343536276244681, 
            "E": 0.07391952428778677, 
            "D": 0.0479368932038835, 
            "G": 0.07465086804725239, 
            "F": 0.02477601351889936, 
            "I": 0.03299914709774101, 
            "H": 0.020126899102459867, 
            "K": 0.06720491176048592, 
            "M": 0.01806040461045483, 
            "L": 0.07575884387903137, 
            "N": 0.03881203469000591, 
            "Q": 0.04850781959921566, 
            "P": 0.07138473065824925, 
            "S": 0.09305004224656051, 
            "R": 0.05217450220798062, 
            "T": 0.061322277488163004, 
            "W": 0.007884363989988364, 
            "V": 0.05577243451783124, 
            "Y": 0.015467820874583515
        },
        "sIDP": {
            "A":0.140937,
            "C":0.002689,
            "D":0.050810,
            "E":0.080368,
            "F":0.008627,
            "G":0.106579,
            "H":0.010373,
            "I":0.017736,
            "K":0.077432,
            "L":0.057935,
            "M":0.006165,
            "N":0.037814,
            "P":0.086148,
            "Q":0.043551,
            "R":0.041517,
            "S":0.115866,
            "T":0.063924,
            "V":0.046105,
            "W":0.000402,
            "Y":0.005024
        }
        
    }, 
    "reference": "\n@article{coeytaux2005prediction,\n  title={Prediction of unfolded segments in a protein sequence based on amino acid composition},\n  author={Coeytaux, Karen and Poupon, Anne},\n  journal={Bioinformatics},\n  volume={21},\n  number={9},\n  pages={1891--1900},\n  year={2005},\n  publisher={Oxford Univ Press}\n}\n"
}
