{
    "lattice":"ultra",
    "N":50,
    "beta":1.00, 
    "collapse_steps":100000,
    "sampling_steps":100000,
    "output_pdb":"test.pdb",
    "output_stats":"test.stats",

    "input_sequence":"random",
    "input_sequence":"LVFFAEDVGSNKGAIIGLMVGGVVIA",
    "input_sequence":"random",

    "f_propensities":"amino_acid_propensities.json",

    "amino_acid_radius_gyration": {
        "CYS": 0.90840804576873702, 
        "ASP": 1.163865208625793, 
        "SER": 0.70783871412277211, 
        "GLN": 1.4414452314376831, 
        "LYS": 1.763130545616149, 
        "ILE": 1.3619304895401001, 
        "PRO": 1.0692100524902339,
        "THR": 1.0541915893554681,
        "PHE": 1.6378470659255981,
        "ALA": 0.0,
        "GLY": 0.0,
        "HIS": 1.437726497650146,
        "GLU": 1.4385471343994141,
        "LEU": 1.2671315670013419,
        "ARG": 1.9814257621765132,
        "TRP": 1.9926494359970091,
        "VAL": 1.190210103988647,
        "ASN": 1.1850394010543821,
        "TYR": 1.8583312034606929,
        "MET": 1.5079405307769771},

    "amino_acid_average_extension": {
        "CYS": 2.7172561, 
        "ASP": 3.2388148, 
        "SER": 2.4642601,
        "GLN": 3.7096934,
        "LYS": 3.6240001, 
        "ILE": 3.2535603, 
        "PRO": 2.46311,
        "THR": 2.6878643,
        "PHE": 3.8072388, 
        "ALA": 2.0340061,
        "GLY": 0.0,
        "HIS": 3.8409123, 
        "GLU": 3.6091046,
        "LEU": 3.0194798,
        "ARG": 4.4524298,
        "TRP": 3.9523926, 
        "VAL": 2.293061,
        "ASN": 3.3185544,
        "TYR": 3.6161983,
        "MET": 3.2856197
    },

    "interaction_matrix_labels": [
        "ALA",
        "CYS",
        "ASP", 
        "GLU", 
        "PHE", 
        "GLY", 
        "HIS", 
        "ILE", 
        "LYS", 
        "LEU", 
        "MET", 
        "ASN", 
        "PRO", 
        "GLN", 
        "ARG", 
        "SER", 
        "THR", 
        "VAL", 
        "TRP", 
        "TYR"
    ],

    "interaction_matrix": [
        [1.7097115327870291, 0.20958166135844733, 0.9307229625419535, 1.0002678446785562, -0.19892737026140705, 1.5129579568433322, 0.5442098446751306, -0.16803723009546795, 0.9532029469117574, -0.08083035484058024, -0.07107287345036493, 0.773627522231124, 0.8679928952732415, 0.7227516802811298, 0.4953970388953422, 0.8909208757094561, 0.588805173591194, 0.01570232780270618, -0.13134845211890459, -0.0009022675584259752], 
        [0.20958166135844733, -0.7778073204383084, 0.4047204460411346, 0.5184578373878733, -0.8352244236081441, 0.44202601274637415, -0.36044235223201465, -0.7284516287291382, 0.4467012829082044, -0.6331661827744158, -0.68473722467041, 0.13737947253701357, 0.011354530584787779, 0.1498749189499375, -0.01187816172443235, 0.18991413533581844, -0.034590009078633334, -0.5914287193145851, -0.8710631126255838, -0.5737939495298103], 
        [0.9307229625419535, 0.4047204460411346, 1.0636156246968662, 0.540457913186055, 0.3182368797427644, 0.7252643109416673, -0.2916802979499938, 0.4824675926491802, -0.3544520037201643, 0.5325361487213908, 0.3054737677999795, -0.03915366934971059, 0.6138036877015992, 0.09778944659400692, -0.6134966605864198, 0.0869819515245069, 0.044118223959622324, 0.5716289327630267, -0.09305977516427305, -0.19252780165633337], 
        [1.0002678446785562, 0.5184578373878733, 0.540457913186055, 1.2544870287395475, 0.2177939811907321, 1.0442794344259243, -0.15189830710108365, 0.32799798518317447, -0.43830471501499724, 0.3638107066265518, 0.23798480121454532, 0.16093998759674935, 0.5232065944143393, 0.07540351543408123, -0.6533917908941445, 0.24054966925518834, 0.12058216474443062, 0.44677525343606733, -0.22088261287597025, -0.19320816795284604], 
        [-0.19892737026140705, -0.8352244236081441, 0.3182368797427644, 0.2177939811907321, -0.5045475319094446, 0.30179237668145686, -0.4126854815400359, -1.1044989053340095, 0.151521611180512, -1.1087522043503744, -1.0933537966217701, 0.028645541389728933, -0.2099681777815705, -0.14627512201214862, -0.3077780670116789, 0.007195315302936088, -0.2770778391324966, -0.9303447848837253, -1.2068622803965512, -0.9797784325290275], 
        [1.5129579568433322, 0.44202601274637415, 0.7252643109416673, 1.0442794344259243, 0.30179237668145686, 2.448536883023378, 0.5163193663442326, 0.5582484543865532, 0.7374496758982602, 0.6218871568598076, 0.3547004833013125, 0.6024982302484276, 0.9697142801853968, 0.6833876928356635, 0.38131972056299773, 0.8372491700342831, 0.6149755647300579, 0.6685371116844007, 0.11901961580664117, 0.19236605801435136], 
        [0.5442098446751306, -0.36044235223201465, -0.2916802979499938, -0.15189830710108365, -0.4126854815400359, 0.5163193663442326, 0.03212131030182418, -0.17338204874764163, 0.264359569096816, -0.16018235361188404, -0.39779849464662953, -0.06014981761077008, 0.11362188984288352, -0.0505216880778777, -0.24805888014817215, -0.04794000717894783, -0.15638055558215183, -0.07170802438357035, -0.7347951802538513, -0.6445901546179112], 
        [-0.16803723009546795, -0.7284516287291382, 0.4824675926491802, 0.32799798518317447, -1.1044989053340095, 0.5582484543865532, -0.17338204874764163, -0.4212910657022543, 0.19963789129697673, -1.122130730920478, -0.9348664689654114, 0.2348746395313899, 0.019680508525077082, 0.013140328462818547, -0.15055138046506525, 0.18874829112263203, -0.27101313367529145, -0.9967945237510464, -0.9785523639591405, -0.7892404559328258], 
        [0.9532029469117574, 0.4467012829082044, -0.3544520037201643, -0.43830471501499724, 0.151521611180512, 0.7374496758982602, 0.264359569096816, 0.19963789129697673, 1.1707545169086395, 0.2405480782663238, 0.2021084711611969, 0.11558254168075027, 0.5205344917317578, 0.030563062140109634, 0.1759165941507448, 0.3113396811819549, 0.12153455177862178, 0.30501059214270576, -0.1519076487832663, -0.24571651529846308], 
        [-0.08083035484058024, -0.6331661827744158, 0.5325361487213908, 0.3638107066265518, -1.1087522043503744, 0.6218871568598076, -0.16018235361188404, -1.122130730920478, 0.2405480782663238, -0.40972049215875966, -0.8941211161473029, 0.27882668381338127, 0.0698500341652121, 0.01832537702150059, -0.13710371271230398, 0.2703506869248455, -0.16815943391974597, -0.9400980538245455, -0.9899435067538253, -0.7913863625188544], 
        [-0.07107287345036493, -0.68473722467041, 0.3054737677999795, 0.23798480121454532, -1.0933537966217701, 0.3547004833013125, -0.39779849464662953, -0.9348664689654114, 0.2021084711611969, -0.8941211161473029, -0.1258644702006934, 0.06042686857120702, -0.07325474438931409, -0.09076825066734678, -0.24198339315002124, 0.08943548803980565, -0.23645018414705885, -0.7581126070528896, -1.078521405621775, -0.8524195743209023], 
        [0.773627522231124, 0.13737947253701357, -0.03915366934971059, 0.16093998759674935, 0.028645541389728933, 0.6024982302484276, -0.06014981761077008, 0.2348746395313899, 0.11558254168075027, 0.27882668381338127, 0.06042686857120702, 0.6568225122285927, 0.3791068527125542, -0.009845247255177424, -0.15259045178337224, 0.20149414157744028, 0.02204880296606616, 0.31857067338361045, -0.2694037884409317, -0.1993042070488223], 
        [0.8679928952732415, 0.011354530584787779, 0.6138036877015992, 0.5232065944143393, -0.2099681777815705, 0.9697142801853968, 0.11362188984288352, 0.019680508525077082, 0.5205344917317578, 0.0698500341652121, -0.07325474438931409, 0.3791068527125542, 1.2148316187302355, 0.25812403166667625, -0.018590760101349194, 0.521851271924112, 0.28446976244796723, 0.1532625414961229, -0.5457064475292905, -0.4262627304451257], 
        [0.7227516802811298, 0.1498749189499375, 0.09778944659400692, 0.07540351543408123, -0.14627512201214862, 0.6833876928356635, -0.0505216880778777, 0.013140328462818547, 0.030563062140109634, 0.01832537702150059, -0.09076825066734678, -0.009845247255177424, 0.25812403166667625, 0.7221620678928565, -0.24100540761328904, 0.21170967657903067, -0.026349049324355073, 0.1397700149984847, -0.4962542158235838, -0.2909441762656479], 
